age,sex,bmi_numeric,volume_id,diabetes_status,seg_liver,seg_spleen,seg_spleen_normalised,seg_liver_normalised
65,1,31.0477,1004466_20201_2_0,0.0,1193112,181488,0.656944253586692,1.2987013509278904
65,0,23.6115,1002359_20201_2_0,0.0,635820,51648,-0.8216073478294301,-1.4197939323992048
65,1,27.2146,1005379_20201_2_0,0.0,852804,46512,-0.8800934925065188,-0.36133628262593265
49,0,26.9776,1013250_20201_2_0,0.0,925092,87852,-0.40933468780425075,-0.008712187822581685
71,0,23.9464,1019631_20201_2_0,0.0,769860,82008,-0.47588317485505033,-0.765940821683164
70,1,30.9497,1013391_20201_2_0,0.0,1184580,293280,1.929974449408558,1.2570818736029927
