age,sex,bmi_numeric,volume_id,diabetes_status,seg_liver,seg_spleen,seg_spleen_bmi_normalised,seg_liver_bmi_normalised,age2,bmi2,seg_spleen_normalised,seg_liver_normalised,age_normalised,bmi_numeric_normalised,seg_spleen_bmi_normalised_normalised,seg_liver_bmi_normalised_normalised
65,1,31.0477,1004466_20201_2_0,0.0,1193112,181488,5845.457151415403,38428.35379110208,4225,963.95967529,0.7807368807385728,1.4609368163004128,0.24403555043462538,1.397512771902821,0.6801329798430507,1.307365719860435
65,0,23.6115,1002359_20201_2_0,0.0,635820,51648,2187.408677974716,26928.40353217712,4225,557.50293225,-0.7789658952786113,-1.3540229494650544,0.24403555043462538,-0.9725347728936964,-0.7902108713283387,-1.7758304620778023
65,1,27.2146,1005379_20201_2_0,0.0,852804,46512,1709.082624767588,31336.268032600146,4225,740.63445316,-0.8406620864186626,-0.2580064449847207,0.24403555043462538,0.17583647971601504,-0.9824728865242899,-0.594059176792624
49,0,26.9776,1013250_20201_2_0,0.0,925092,87852,3256.4794496174604,34291.115592195005,2401,727.79090176,-0.3440654077329695,0.10713034425261649,-2.03362958695521,0.100300417195268,-0.3605004268208981,0.19815074662699608
58,0,22.8928,1942395_20201_2_0,1.0,765912,72672,3174.4478613363153,33456.45792563601,3364,524.0802918400001,-0.5264151315464388,-0.6969100789268784,-0.7524429471734277,-1.2015970856939509,-0.39347282789943194,-0.025625293513958695
71,0,23.9464,1019631_20201_2_0,0.0,769860,82008,3424.648381385093,32149.300103564627,5041,573.4300729600001,-0.4142664476516727,-0.6769681792490757,1.0981599769558137,-0.8657962609181771,-0.29290532616056536,-0.37608107075294117
70,1,30.9497,1013391_20201_2_0,0.0,1184580,293280,9476.020769183546,38274.36130237127,4900,957.88393009,2.1236380878897823,1.4178404920726992,0.9558059058689491,1.3662784506917112,2.1394293588904723,1.2660795366499
