age,sex,bmi_numeric,volume_id,diabetes_status,seg_liver,seg_spleen,seg_spleen_normalised,seg_liver_normalised
65,1,31.0477,1004466_20201_2_0,0.0,1193112,181488,0.546975296634896,1.0
65,0,23.6115,1002359_20201_2_0,0.0,635820,51648,0.02081307138688971,0.0
65,1,27.2146,1005379_20201_2_0,0.0,852804,46512,0.0,0.38935423440494393
49,0,26.9776,1013250_20201_2_0,0.0,925092,87852,0.16752577319587628,0.5190672035485885
71,0,23.9464,1019631_20201_2_0,0.0,769860,82008,0.14384361019256953,0.24052022996920824
70,1,30.9497,1013391_20201_2_0,0.0,1184580,293280,1.0,0.9846902521478865
