project,dataset,model_name,volume_id,samples,sncc,ged,iou_spleen,iou_liver,iou_mean,dice_spleen,dice_liver,dice_mean,surface_distance_prtogt_spleen,surface_distance_prtogt_liver,surface_distance_prtogt_mean,surface_distance_gttopr_spleen,surface_distance_gttopr_liver,surface_distance_gttopr_mean,surface_distance_avg_spleen,surface_distance_avg_liver,surface_distance_avg_mean
0,0,0,0,0,0,0,0,0,0,0,0,0,0,0,0,0,0,0,0,0,0
1,0,hierarchical_quicknat_KORA_v2,0,10,0.25372203785746567,0.14282571605746194,0.9911529129713752,0.9924476153234525,0.9918002641474138,0.9303023815155029,0.9528676867485046,0.9415849447250366,0.9707253288328498,0.9353116073785215,0.9530184681056858,0.9616419873078254,0.92233369051313,0.9419878389104775,0.9661836580703376,0.9288226489458258,0.9475031535080817
