project,dataset,model_name,volume_id,samples,sncc,ged,iou_spleen,iou_liver,iou_mean,dice_spleen,dice_liver,dice_mean,surface_distance_prtogt_spleen,surface_distance_prtogt_liver,surface_distance_prtogt_mean,surface_distance_gttopr_spleen,surface_distance_gttopr_liver,surface_distance_gttopr_mean,surface_distance_avg_spleen,surface_distance_avg_liver,surface_distance_avg_mean
0,0,0,0,0,0,0,0,0,0,0,0,0,0,0,0,0,0,0,0,0,0
1,0,hierarchical_quicknat_KORA_v2,0,10,0.18798437112540292,0.20917131855106424,0.9838181731368539,0.9889975014594604,0.9864078372981572,0.8831455707550049,0.9328019618988037,0.9079737663269043,0.890408041202069,0.8404688972114384,0.8654384692067536,0.9042945555483823,0.8691967394002148,0.8867456474742986,0.8973512983752256,0.8548328183058267,0.876092058340526
