project,dataset,model_name,volume_id,samples,sncc,ged,iou_spleen,iou_liver,iou_mean,dice_spleen,dice_liver,dice_mean,surface_distance_prtogt_spleen,surface_distance_prtogt_liver,surface_distance_prtogt_mean,surface_distance_gttopr_spleen,surface_distance_gttopr_liver,surface_distance_gttopr_mean,surface_distance_avg_spleen,surface_distance_avg_liver,surface_distance_avg_mean
0,0,0,0,0,0,0,0,0,0,0,0,0,0,0,0,0,0,0,0,0,0
1,0,hierarchical_quicknat_KORA_v1,KORA2457826,10,0.2067260641101215,0.1748359166266774,0.9886681775763232,0.9903164652405265,0.9894923214084248,0.9116877913475037,0.9454414248466492,0.9285646080970764,0.9938104790308478,0.9012368417456389,0.9475236603882433,0.9608539943182651,0.9234560952459735,0.9421550447821193,0.9773322366745565,0.9123464684958063,0.9448393525851814
1,0,hierarchical_quicknat_KORA_v1,KORA2453147,10,0.05645877368700532,0.15082510106738017,0.9912359840185591,0.9911398313268525,0.9911879076727057,0.9336063265800476,0.9449958801269531,0.9393011331558228,0.9879051910069806,0.9044403181182159,0.9461727545625982,0.9851225932175488,0.8859788313538726,0.9355507122857107,0.9865138921122647,0.8952095747360442,0.9408617334241545
1,0,hierarchical_quicknat_KORA_v1,KORA2453416,10,0.5020076449632336,0.14297878731328617,0.9887298202863235,0.9916747634875991,0.9902022918869613,0.9344034790992737,0.9504275321960449,0.9424154758453369,0.9971143769898033,0.9407761868879788,0.9689452819388911,0.987729209580212,0.921832689578557,0.9547809495793845,0.9924217932850077,0.9313044382332679,0.9618631157591379
1,0,hierarchical_quicknat_KORA_v1,KORA2456230,10,0.7837658649988714,0.10965726340816839,0.9950418875021371,0.994676509209639,0.9948591983558881,0.9470418095588684,0.9661027789115906,0.9565722942352295,0.9983220919917156,0.9905711179912831,0.9944466049914993,0.9817958636231305,0.9699432197981405,0.9758695417106356,0.9900589778074231,0.9802571688947117,0.9851580733510674
1,0,hierarchical_quicknat_KORA_v1,KORA2460436,10,0.048985401429781576,0.11427233575427254,0.9892396880343662,0.9945625270713446,0.9919011075528554,0.9503269791603088,0.9586694836616516,0.9544982314109802,0.9916582195918234,0.9685687077097559,0.9801134636507897,0.9935483595037962,0.9521749619296145,0.9728616607167053,0.9926032895478099,0.9603718348196852,0.9764875621837475
